Time,Longitude,Latitude,Speed[mps],Brake_status
1416347409.7,-97.43804752099412,35.193097345575126,0.0028284271247461905,0
1416347409.8,-97.4380474924278,35.193097323211944,0.015033296378372907,0
1416347409.9,-97.43804748912396,35.193097309431,0.012806248474865696,0
1416347410.0,-97.43804747191544,35.193097277940325,0.013038404810405298,0
1416347410.2,-97.43804746601738,35.193097252343925,0.00223606797749979,0
1416347410.5,-97.43804749567482,35.19309724686257,0.0147648230602334,0
1416347410.7,-97.43804753661416,35.19309724528722,0.006403124237432848,0
1416347410.9,-97.43804756163492,35.19309727391272,0.006403124237432848,0
1416347411.1,-97.43804758685994,35.193097320241364,0.005385164807134504,0
1416347411.4,-97.43804760010046,35.19309739232099,0.00412310562561766,0
1416347411.6,-97.43804764299922,35.193097440707305,0.01640121946685673,0
1416347411.8,-97.43804768992138,35.19309744941951,0.019924858845171277,0
1416347412.0,-97.43804774327337,35.19309745436264,0.006324555320336759,0
1416347412.3,-97.43804785674226,35.19309749355414,0.007211102550927978,0
1416347412.5,-97.43804792201058,35.193097546531874,0.009055385138137417,0
1416347412.7,-97.438047989456,35.19309761343769,0.012649110640673518,0
1416347412.9,-97.43804806679964,35.193097677844015,0.007211102550927978,0
1416347413.2,-97.4380481277849,35.19309774709765,0.003605551275463989,0
1416347413.4,-97.43804818149823,35.19309775844817,0.009848857801796104,0
1416347413.6,-97.43804822201069,35.19309780089734,0.0014142135623730952,0
1416347413.8,-97.43804824195168,35.193097835590194,0.006324555320336759,0
1416347414.0,-97.43804828338826,35.19309785698828,0.005,0
1416347414.3,-97.43804830732037,35.193097908451435,0.0031622776601683794,0
1416347414.5,-97.43804832041167,35.19309796065605,0.012041594578792296,0
1416347414.7,-97.43804831028581,35.19309800943322,0.003605551275463989,0
1416347414.9,-97.43804829723516,35.19309805651207,0.013601470508735444,0
1416347415.1,-97.43804831593816,35.19309807344604,0.0028284271247461905,0
1416347415.4,-97.438048324577,35.19309812467454,0.009219544457292887,0
1416347415.6,-97.43804832359902,35.19309815648945,0.007071067811865475,0
1416347415.8,-97.43804834788442,35.19309816680977,0.012649110640673518,0
1416347416.0,-97.4380483740402,35.193098151657594,0.01,0
1416347416.3,-97.43804846222584,35.193098109213416,0.013341664064126334,0
1416347416.5,-97.43804848480052,35.19309810886915,0.006403124237432848,0
1416347416.7,-97.43804853261963,35.19309807018162,0.016,0
1416347416.9,-97.43804857855605,35.193098033606184,0.01236931687685298,0
1416347417.1,-97.43804862365427,35.19309798765452,0.008602325267042627,0
1416347417.3,-97.43804864654344,35.193097946438975,0.01697056274847714,0
1416347417.6,-97.43804864770773,35.19309790793116,0.014035668847618199,0
1416347417.8,-97.43804863920784,35.19309789265073,0.005099019513592784,0
1416347418.0,-97.43804860769161,35.19309787161328,0.003605551275463989,0
1416347418.2,-97.43804857391953,35.19309782897936,0.002,0
1416347418.5,-97.43804850683118,35.19309773297835,0.015231546211727818,0
1416347418.7,-97.43804848713064,35.19309764451931,0.012529964086141668,0
1416347418.9,-97.43804845719309,35.19309759198838,0.007280109889280518,0
1416347419.1,-97.43804846442147,35.19309754366631,0.00824621125123532,0
1416347419.3,-97.43804848143503,35.193097524685264,0.00894427190999916,0
1416347419.6,-97.43804846325312,35.19309749383573,0.004242640687119285,0
1416347419.8,-97.43804847871931,35.19309746024542,0.00854400374531753,0
1416347420.0,-97.43804851376747,35.193097392724816,0.005656854249492381,0
1416347420.2,-97.43804854412167,35.193097326761496,0.00806225774829855,0
1416347420.5,-97.43804857912073,35.19309722067218,0.012649110640673518,0
1416347420.7,-97.4380486156226,35.193097145582534,0.0014142135623730952,0
1416347420.9,-97.43804863746647,35.19309706452222,0.013601470508735444,0
1416347421.1,-97.43804868201934,35.1930969859198,0.00447213595499958,0
1416347421.4,-97.43804878527952,35.193096846265526,0.0031622776601683794,0
1416347421.6,-97.43804886113274,35.19309676097809,0.005099019513592784,0
1416347421.8,-97.43804896271953,35.19309667319581,0.006403124237432848,0
1416347422.0,-97.43804906889635,35.19309658977066,0.011180339887498949,0
1416347422.3,-97.43804924455326,35.193096462128096,0.00824621125123532,0
1416347422.5,-97.43804938871219,35.19309640753216,0.0014142135623730952,0
1416347422.7,-97.43804953892445,35.19309635816955,0.009899494936611665,0
1416347422.9,-97.43804967832324,35.19309628400389,0.015,0
1416347423.1,-97.43804978060132,35.19309623091058,0.0014142135623730952,0
1416347423.4,-97.43804996344711,35.19309618003575,0.00223606797749979,0
1416347423.6,-97.43805005849009,35.19309615332934,0.005385164807134504,0
1416347423.8,-97.4380501466344,35.1930961126464,0.007071067811865475,0
1416347424.0,-97.43805023559493,35.193096072244266,0.01,0
1416347424.3,-97.43805035339979,35.19309602974551,0.01236931687685298,0
1416347424.5,-97.43805044080567,35.193096055106615,0.014212670403551895,0
1416347424.7,-97.43805050576277,35.19309605483266,0.004242640687119285,0
1416347424.9,-97.43805057182777,35.193096089047096,0.005830951894845301,0
1416347425.2,-97.43805067999794,35.1930960974849,0.006324555320336759,0
1416347425.4,-97.43805072143121,35.19309609506803,0.00670820393249937,0
1416347425.6,-97.43805074591384,35.193096081771984,0.007810249675906654,0
1416347425.8,-97.43805075702005,35.193096027770615,0.00848528137423857,0
1416347426.0,-97.4380507452033,35.19309596330789,0.005385164807134504,0
1416347426.3,-97.4380507723025,35.19309588226693,0.009848857801796104,0
1416347426.5,-97.438050798641,35.19309582486122,0.00608276253029822,0
1416347426.7,-97.43805081914861,35.19309577259563,0.009486832980505138,0
1416347426.9,-97.43805079711456,35.19309570960822,0.006324555320336759,0
1416347427.1,-97.43805075361585,35.19309565916629,0.00854400374531753,0
1416347427.4,-97.4380507178166,35.193095581912715,0.009,0
1416347427.6,-97.43805068427947,35.19309552968467,0.008,0
1416347427.8,-97.43805065276618,35.19309545972849,0.00824621125123532,0
1416347428.0,-97.43805061167085,35.193095398430636,0.0014142135623730952,0
1416347428.3,-97.43805054358418,35.19309530582323,0.017,0
1416347428.5,-97.43805049229229,35.193095219234515,0.005099019513592784,0
1416347428.7,-97.43805044670448,35.19309512005077,0.00824621125123532,0
1416347428.9,-97.43805041223112,35.19309501680767,0.009,0
1416347429.1,-97.43805038557822,35.19309490444858,0.008602325267042627,0
1416347429.4,-97.4380502723118,35.193094782607204,0.005,0
1416347429.6,-97.43805015485512,35.193094723133235,0.005,0
1416347429.8,-97.438050069446,35.19309466191036,0.005,0
1416347430.0,-97.43804997841303,35.19309460167778,0.012083045973594572,0
1416347430.3,-97.4380498507634,35.193094490326914,0.00223606797749979,0
1416347430.5,-97.43804977520949,35.19309439344125,0.004242640687119285,0
1416347430.7,-97.43804970296976,35.19309429031269,0.009219544457292887,0
1416347430.9,-97.43804966107086,35.19309416592683,0.015556349186104044,0
1416347431.1,-97.43804961201232,35.19309404674344,0.006324555320336759,0
1416347431.4,-97.43804958225651,35.193093881020395,0.0031622776601683794,0
1416347431.6,-97.43804956887985,35.1930937880959,0.00223606797749979,0
1416347431.8,-97.43804956030911,35.19309372943635,0.00412310562561766,0
1416347432.0,-97.43804955523036,35.193093659739425,0.012206555615733703,0
1416347432.3,-97.43804951497141,35.19309360404001,0.006403124237432848,0
1416347432.5,-97.43804946650378,35.19309361212217,0.006403124237432848,0
1416347432.7,-97.43804941522292,35.19309362218718,0.005656854249492381,0
1416347432.9,-97.43804938512683,35.19309362047122,0.00670820393249937,0
1416347433.1,-97.43804936349308,35.193093628953605,0.018439088914585774,0
1416347433.4,-97.43804932382551,35.19309365972242,0.00447213595499958,0
1416347433.6,-97.4380493035482,35.19309369121272,0.005656854249492381,0
1416347433.8,-97.43804924727047,35.193093706862555,0.009899494936611665,0
1416347434.0,-97.43804918852233,35.193093726214975,0.0031622776601683794,0
1416347434.3,-97.4380491032154,35.19309370873908,0.009219544457292887,0
1416347434.5,-97.43804907751539,35.19309374495963,0.007211102550927978,0
1416347434.7,-97.43804904145198,35.19309373507596,0.012649110640673518,0
1416347434.9,-97.43804901354844,35.1930937504787,0.00670820393249937,0
1416347435.1,-97.43804897766906,35.1930937846939,0.0,0
1416347435.4,-97.43804891030521,35.193093823629475,0.011180339887498949,0
1416347435.6,-97.43804889379551,35.19309382358875,0.00608276253029822,0
1416347435.8,-97.43804886720379,35.19309384759433,0.00447213595499958,0
1416347436.0,-97.43804885022054,35.193093850600356,0.007071067811865475,0
1416347436.2,-97.43804876077176,35.19309385736494,0.06985699678629191,0
1416347436.5,-97.4380482138034,35.1930940642572,0.228232337761326,0
1416347436.7,-97.43804763339121,35.19309432575216,0.32533213797594607,0
1416347436.9,-97.43804685714113,35.19309464601966,0.43607912126126835,0
1416347437.1,-97.43804588959418,35.193095080665714,0.5417204075904839,0
1416347437.4,-97.43804420803787,35.193095793554775,0.6273962065553154,0
1416347437.6,-97.43804286066221,35.193096367562994,0.7245660770419768,0
1416347437.8,-97.43804137472311,35.193097001239146,0.7828282059302667,0
1416347438.0,-97.43803971578399,35.19309770244412,0.8688348519713053,0
1416347438.3,-97.43803711500033,35.19309881192131,0.960533705811514,0
1416347438.5,-97.43803520951158,35.19309963983638,1.029001943632761,0
1416347438.7,-97.43803319596937,35.193100480104924,1.0780964706370204,0
1416347438.9,-97.4380310345303,35.19310133867414,1.134908806909172,0
1416347439.1,-97.43802871934041,35.19310219971218,1.1873483061006151,0
1416347439.4,-97.43802504300132,35.19310366896696,1.2788346257432976,0
1416347439.6,-97.43802240538102,35.19310475055643,1.3433901145981386,0
1416347439.8,-97.43801964100358,35.1931058848422,1.4216300503295505,0
1416347440.0,-97.4380166615364,35.19310707864879,1.5099672181872028,0
1416347440.3,-97.43801180514683,35.19310901716268,1.6910588398988369,0
1416347440.5,-97.4380082616654,35.19311035686911,1.802162312334824,0
1416347440.7,-97.43800448081402,35.193111807159916,1.9385706074321873,0
1416347440.9,-97.43800043931682,35.193113342009845,2.0613907926446164,0
1416347441.1,-97.43799611225782,35.193115017550134,2.217531961438211,0
1416347441.4,-97.43798898676482,35.193117776182774,2.4736519561167047,0
1416347441.6,-97.43798379680983,35.19311982853427,2.643606816453612,0
1416347441.8,-97.43797819420168,35.19312209847854,2.8577027487126787,0
1416347442.0,-97.43797221200276,35.19312454272345,3.0823168234300637,0
1416347442.3,-97.43796256491677,35.19312863046555,3.403533458040335,0
1416347442.5,-97.43795559556224,35.19313158506839,3.5876444918637076,0
1416347442.7,-97.43794830353717,35.193134752751476,3.8282070215702806,0
1416347442.9,-97.43794061480398,35.19313811005569,4.0393536611690735,0
1416347443.1,-97.43793253131022,35.1931417000269,4.245157829810336,0
1416347443.4,-97.43791971411596,35.193147551362124,4.567394881111113,0
1416347443.6,-97.43791076756219,35.193151709603406,4.699426879950362,0
1416347443.8,-97.43790156428419,35.19315607114503,4.87016426827679,0
1416347444.0,-97.43789218142346,35.19316056010851,4.950462604646155,0
1416347444.2,-97.43788270316882,35.193165175961425,5.020644281364693,0
1416347444.5,-97.43786851608054,35.19317223283701,4.995873897527839,0
1416347444.7,-97.4378591056544,35.19317701225484,5.0174894120466265,0
1416347444.9,-97.43784980704024,35.193181827465615,4.990258209752278,0
1416347445.1,-97.43784055608519,35.1931866860459,4.99140962053807,0
1416347445.4,-97.43782683756285,35.193194016847954,4.936380252776319,0
1416347445.6,-97.43781780412164,35.193198933710384,4.877792636018879,0
1416347445.8,-97.4378088346973,35.19320387299537,4.889132847448512,0
1416347446.0,-97.43779999282438,35.19320884075438,4.828010874055692,0
1416347446.3,-97.43778681867828,35.19321625826454,4.789228747930088,0
1416347446.5,-97.43777822117501,35.19322124406648,4.775348468960145,0
1416347446.7,-97.43776971935621,35.19322629721762,4.740596586928696,0
1416347446.9,-97.43776129982915,35.19323130820449,4.707841331226022,0
1416347447.1,-97.43775297053206,35.19323629306104,4.6639885291454135,0
1416347447.4,-97.43774063611518,35.193243829324615,4.647090487606197,0
1416347447.6,-97.4377324688145,35.193248883901845,4.655067131631939,0
1416347447.8,-97.43772439031012,35.19325394704316,4.606763397440767,0
1416347448.0,-97.43771635483928,35.19325898095911,4.592900608547936,0
1416347448.3,-97.43770460801274,35.19326651112594,4.480628192564074,0
1416347448.5,-97.4376968165506,35.193271658024,4.5427854891024735,0
1416347448.7,-97.43768900887062,35.193276785901844,4.516300255740312,0
1416347448.9,-97.43768116195946,35.193282001591996,4.5705103653749655,0
1416347449.2,-97.43766973384474,35.19328989642612,4.482448661167242,0
1416347449.4,-97.43766212577901,35.19329515857904,4.487251385870866,0
1416347449.6,-97.43765463584886,35.193300473551986,4.475964365363066,0
1416347449.8,-97.4376472483276,35.1933057980652,4.443715787491365,0
1416347450.1,-97.43763625507181,35.193313896754724,4.4527116457278035,0
1416347450.3,-97.43762905159267,35.193319347893926,4.437379068774719,0
1416347450.5,-97.43762189967629,35.193324839866996,4.417903688402453,0
1416347450.8,-97.43761134366736,35.193333100169625,4.406516197632774,0
1416347451.0,-97.43760439484127,35.19333865387566,4.407521866083026,0
1416347451.2,-97.43759752882836,35.193344228184344,4.381988703773664,0
1416347451.5,-97.43758729037346,35.193352655653264,4.347307212516732,0
1416347451.7,-97.43758061185677,35.19335835137095,4.358461311059213,0
1416347451.9,-97.43757386549062,35.193363988061314,4.366490238166118,0
1416347452.1,-97.43756726549368,35.19336966395495,4.329047008291779,0
1416347452.4,-97.4375575756741,35.193378251975574,4.287085023649519,0
1416347452.6,-97.43755115112451,35.19338393333999,4.297050732770093,0
1416347452.8,-97.43754487457079,35.19338964057979,4.278754608528048,0
1416347453.0,-97.43753858507016,35.19339534437491,4.292824827546542,0
1416347453.2,-97.43753246662811,35.19340104316584,4.21828804137413,0
1416347453.5,-97.43752348038836,35.19340957591735,4.186321774541465,0
1416347453.7,-97.43751760339754,35.19341526873355,4.168383979433757,0
1416347453.9,-97.43751179487566,35.193421011667205,4.152117652475662,0
1416347454.1,-97.43750610746041,35.193426726511454,4.140042632630731,0
1416347454.4,-97.43749770070335,35.19343528232794,4.0730155904440135,0
1416347454.6,-97.4374921885031,35.19344096335515,4.096553307354855,0
1416347454.8,-97.43748676290055,35.19344661280797,4.053258565648138,0
1416347455.0,-97.43748141900909,35.193452246240255,4.032322531742718,0
1416347455.3,-97.43747354119971,35.19346070245743,3.995683295758061,0
1416347455.5,-97.43746834490258,35.19346634832014,3.9834097203275487,0
1416347455.7,-97.43746322581069,35.19347200559707,3.945625552431452,0
1416347455.9,-97.43745810977761,35.19347764854419,3.9316333755832322,0
1416347456.2,-97.43745067494417,35.19348614731304,3.895468392889358,0
1416347456.4,-97.4374457848034,35.193491775186324,3.8861811589271027,0
1416347456.6,-97.43744099799598,35.193497384410925,3.856970832142758,0
1416347456.8,-97.43743627649638,35.19350303448407,3.826954533307131,0
1416347457.0,-97.4374316434432,35.19350872417054,3.829652725770315,0
1416347457.3,-97.43742485561052,35.1935171921001,3.7866905075540567,0
1416347457.5,-97.43742035382563,35.193522845509,3.784782424393772,0
1416347457.7,-97.43741598774646,35.19352852844338,3.750723796815756,0
1416347457.9,-97.43741165045336,35.19353423170446,3.7529255255067344,0
1416347458.1,-97.43740738620806,35.193539945439774,3.733223807917227,0
1416347458.3,-97.43740320058862,35.193545681882306,3.7294101410276665,0
1416347458.6,-97.43739707187123,35.19355434525653,3.7219335028987284,0
1416347458.8,-97.43739304131958,35.193560134291644,3.714638205801475,0
1416347459.0,-97.43738903984612,35.193565972388534,3.733919254617057,0
1416347459.2,-97.43738512600045,35.19357180177712,3.6808983957724237,0
1416347459.5,-97.43737934408199,35.193580624765254,3.705254917006386,0
1416347459.7,-97.43737564773248,35.19358649242964,3.6741597678925175,0
1416347459.9,-97.43737193397848,35.19359237809701,3.69425499931989,0
1416347460.1,-97.43736830619635,35.19359834791685,3.7101338250796294,0
1416347460.3,-97.43736468730502,35.19360438233382,3.7362023499805255,0
1416347460.6,-97.43735927658597,35.19361361743119,3.7628802797856857,0
1416347460.8,-97.43735576526947,35.19361986819363,3.801690413487137,0
1416347461.0,-97.43735221184983,35.193626233179884,3.864721076610833,0
1416347461.2,-97.43734880260016,35.19363272846894,3.9215384736095604,0
1416347461.4,-97.43734544499222,35.19363937912274,4.015779998954126,0
1416347461.7,-97.43734069027091,35.1936497024931,4.104789885000206,0
1416347461.9,-97.43733777409541,35.19365686739441,4.2216987102350165,0
1416347462.1,-97.43733506396889,35.193664300036716,4.321231884544036,0
1416347462.3,-97.43733267636553,35.19367193617457,4.40616715524956,0
1416347462.5,-97.43733082530863,35.19367976819242,4.451107277970281,0
1416347462.8,-97.43732892000226,35.19369176635871,4.476114386384691,0
1416347463.0,-97.43732829841665,35.19369979026775,4.468342869565853,0
1416347463.2,-97.43732828902314,35.193707780107786,4.413654381575431,0
1416347463.4,-97.43732892529705,35.19371581838098,4.4918105480975035,0
1416347463.7,-97.43733097366457,35.19372777448616,4.445513018763976,0
1416347463.9,-97.43733306092443,35.19373559667601,4.433935497952129,0
1416347464.1,-97.43733572515944,35.1937432665855,4.386364439943402,0
1416347464.3,-97.43733914504058,35.19375066334456,4.372221975151765,0
1416347464.5,-97.4373428609897,35.193757868153746,4.314701032516621,0
1416347464.8,-97.43734965947134,35.19376801331343,4.27303381685659,0
1416347465.0,-97.43735471318071,35.193774286870344,4.151991570318995,0
1416347465.2,-97.43736023468954,35.19378013205472,4.093602447722544,0
1416347465.4,-97.43736617879954,35.19378554693684,4.028388387432374,0
1416347465.6,-97.43737251234268,35.19379052267941,3.9714185123202514,0
1416347465.9,-97.43738266941585,35.19379714474338,3.9199900510077827,0
1416347466.1,-97.43738980858645,35.19380096831402,3.834013041188045,0
1416347466.3,-97.4373971163607,35.19380440270468,3.808038340143124,0
1416347466.5,-97.43740471254172,35.19380729256823,3.8140477186317425,0
1416347466.8,-97.43741644900535,35.19381082215684,3.8197158271264104,0
1416347467.0,-97.43742467679103,35.193812659552094,3.857533149565924,0
1416347467.2,-97.43743306906511,35.193814061538035,3.921358183078919,0
1416347467.4,-97.4374416232761,35.19381498132565,3.9649345517927532,0
1416347467.6,-97.43745040403533,35.193815333503466,4.012735351353239,0
1416347467.9,-97.437463847002,35.19381481010093,4.142811243588102,0
1416347468.1,-97.43747296632263,35.19381369050276,4.220621399746725,0
1416347468.3,-97.4374821866961,35.19381199961856,4.320568944016517,0
1416347468.5,-97.43749142015739,35.193809648640254,4.422929798221989,0
1416347468.7,-97.4375006469578,35.193806688640045,4.513089407490172,0
1416347469.0,-97.43751411807243,35.19380108788104,4.580384263356078,0
1416347469.2,-97.43752278073696,35.193796633117906,4.616982997586194,0
1416347469.4,-97.43753097805606,35.193791591741146,4.652757999294612,0
1416347469.6,-97.43753861031779,35.19378609154317,4.5889785355784785,0
1416347469.9,-97.43754915249075,35.1937770743601,4.546259341480641,0
1416347470.1,-97.43755544809525,35.1937707763483,4.478176079610984,0
1416347470.3,-97.43756117388918,35.193764290137885,4.375098856025998,0
1416347470.5,-97.43756669856441,35.19375785921261,4.354970723208137,0
1416347470.7,-97.43757197662798,35.19375138116743,4.297103443018332,0
1416347471.0,-97.4375791755885,35.19374153796744,4.214924079980564,0
1416347471.2,-97.43758392913679,35.19373506380727,4.18751537310611,0
1416347471.4,-97.43758841358192,35.19372856207553,4.15525943835039,0
1416347471.6,-97.4375927422083,35.19372214988848,4.079804161966601,0
1416347471.9,-97.43759903627486,35.19371261198527,4.0039782716693155,0
1416347472.1,-97.43760309350387,35.1937064868369,3.8874014456960837,0
1416347472.3,-97.43760718775123,35.19370036501683,3.910640356770231,0
1416347472.5,-97.4376112065563,35.19369433538818,3.867309400603991,0
1416347472.7,-97.43761527100011,35.19368832993364,3.8399845051770716,0
1416347473.0,-97.43762139409274,35.193679408341,3.7983429281727576,0
1416347473.2,-97.43762547635822,35.19367349127312,3.805314704462694,0
1416347473.4,-97.43762963469496,35.19366755493706,3.82908304950415,0
1416347473.6,-97.43763378053292,35.193661695561545,3.8066389374354905,0
1416347473.8,-97.43763792619313,35.19365579391443,3.8032813464165387,0
1416347474.1,-97.43764431780107,35.193646946210414,3.8278853169863907,0
1416347474.3,-97.43764867358033,35.19364097917497,3.880177959836378,0
1416347474.5,-97.43765305365433,35.1936349977502,3.8935840815372154,0
1416347474.7,-97.43765739384423,35.19362899352251,3.9009728273854973,0
1416347475.0,-97.43766409427117,35.19362000736114,3.9458668249194626,0
1416347475.2,-97.43766861632524,35.19361397547723,3.9765393245886553,0
1416347475.4,-97.43767315251615,35.193607851217365,4.004120003196707,0
1416347475.6,-97.43767779340914,35.19360169010994,4.032363326884124,0
1416347475.9,-97.4376847796566,35.19359232624852,4.08286982403309,0
1416347476.1,-97.43768964916967,35.19358610240827,4.127871243147005,0
1416347476.3,-97.43769445755466,35.19357973767118,4.1726807929675145,0
1416347476.5,-97.43769950012293,35.19357338016985,4.198305610600543,0
1416347476.8,-97.43770733891479,35.19356380999291,4.284561354444583,0
1416347477.0,-97.43771269059755,35.19355740301362,4.301773239025971,0
1416347477.2,-97.43771808920978,35.193551008906375,4.313782562902308,0
1416347477.4,-97.43772362702656,35.19354460243142,4.354105763529407,0
1416347477.7,-97.43773203192355,35.19353492846721,4.401958768548383,0
1416347477.9,-97.43773784113237,35.1935284883378,4.415400887801696,0
1416347478.1,-97.43774364260283,35.19352206734397,4.404000454132583,0
1416347478.3,-97.43774952873652,35.19351568504621,4.405408607609514,0
1416347478.5,-97.4377555289067,35.19350935788858,4.447831044453015,0
1416347478.8,-97.43776462048169,35.19349998452546,4.384600894038133,0
1416347479.0,-97.43777071762977,35.19349380560473,4.3746242124324235,0
1416347479.2,-97.4377767893768,35.193487831424086,4.300387191870053,0
1416347479.4,-97.43778300289357,35.19348189222749,4.3205307544328395,0
1416347479.7,-97.43779225949336,35.193473236396805,4.284491101636226,0
1416347479.9,-97.4377984609496,35.19346758631779,4.213266784811995,0
1416347480.1,-97.4378046968698,35.193462021474765,4.209887409420827,0
1416347480.3,-97.43781089818626,35.19345657762762,4.130365722305956,0
1416347480.5,-97.43781730844303,35.19345124109359,4.177633780024285,0
1416347480.8,-97.43782683299001,35.193443304772195,4.128217533028026,0
1416347481.0,-97.43783338313382,35.19343811840917,4.123908097909069,0
1416347481.2,-97.43783992975403,35.19343305454229,4.079898283045791,0
1416347481.4,-97.43784653392116,35.19342798131022,4.1117053639578796,0
1416347481.6,-97.43785324749972,35.193422993427895,4.100835280769029,0
1416347481.9,-97.43786346217429,35.19341561002839,4.119138866316599,0
1416347482.1,-97.43787034056689,35.19341068487381,4.1264027917788155,0
1416347482.3,-97.4378773328822,35.19340581366217,4.181301830769934,0
1416347482.5,-97.43788445646386,35.19340095274328,4.216639064468288,0
1416347482.7,-97.43789158407162,35.19339610830778,4.212669581156348,0
1416347483.0,-97.43790256084527,35.19338892835957,4.260343882833873,0
1416347483.2,-97.43791002495368,35.19338418486074,4.312669706805751,0
1416347483.4,-97.43791756533084,35.193379464759744,4.327610426089668,0
1416347483.6,-97.43792523648558,35.19337478934608,4.372009263485155,0
1416347483.8,-97.43793297472261,35.19337010662077,4.392342655121524,0
1416347484.1,-97.4379449508078,35.193363162237155,4.487343312027731,0
1416347484.3,-97.43795304694221,35.19335855999695,4.51175642073018,0
1416347484.5,-97.43796128595895,35.1933540277333,4.539408001050358,0
1416347484.7,-97.43796961694703,35.19334958023989,4.555598972692834,0
1416347484.9,-97.4379780358182,35.1933452175368,4.539002203127907,0
1416347485.2,-97.43799057232549,35.193338735363575,4.481230411393728,0
1416347485.4,-97.43799893509366,35.193334541542335,4.448376333000615,0
1416347485.6,-97.43800725088462,35.19333042472219,4.42329311712439,0
1416347485.8,-97.43801552657008,35.19332643251001,4.372693677814627,0
1416347486.0,-97.43802375750536,35.19332254726744,4.317303093367433,0
1416347486.3,-97.43803602451503,35.19331679129174,4.272844602837787,0
1416347486.5,-97.43804421800326,35.19331311699544,4.245515280858143,0
1416347486.7,-97.43805237732062,35.19330951692481,4.206242979191763,0
1416347486.9,-97.43806055621269,35.19330599072399,4.204023311067625,0
1416347487.2,-97.43807281086785,35.19330088065176,4.1602664578125275,0
1416347487.4,-97.43808097380217,35.19329751441831,4.169056487983822,0
1416347487.6,-97.43808913034408,35.19329422324954,4.130928346025867,0
1416347487.8,-97.43809732450444,35.1932909904487,4.141465078930402,0
1416347488.0,-97.43810554638749,35.19328778215783,4.152213024400362,0
1416347488.3,-97.4381179337011,35.19328312968175,4.156356216687882,0
1416347488.5,-97.43812621967834,35.19328004518414,4.145468007354538,0
1416347488.7,-97.43813456896456,35.19327702818448,4.171837604701315,0
1416347488.9,-97.43814298904765,35.1932740521289,4.175939774469933,0
1416347489.1,-97.43815149538884,35.193271125968735,4.20807723313154,0
1416347489.4,-97.43816436432058,35.19326688719263,4.262543020310763,0
1416347489.6,-97.43817314166584,35.193264137738396,4.283046229029054,0
1416347489.8,-97.43818198772254,35.19326140122047,4.310976803463456,0
1416347490.0,-97.43819093781732,35.193258709713064,4.358335691522625,0
1416347490.2,-97.43819999390293,35.193256259225315,4.364444179961522,0
1416347490.5,-97.43821368954579,35.19325250702357,4.413274747848813,0
1416347490.7,-97.43822292433235,35.1932500844607,4.4109211056195505,0
1416347490.9,-97.43823225116057,35.19324782642383,4.429056784463256,0
1416347491.1,-97.43824164501544,35.193245584612214,4.449131600660965,0
1416347491.4,-97.43825581755988,35.19324238887948,4.447516722846582,0
1416347491.6,-97.43826526557756,35.193240359721344,4.464371064326979,0
1416347491.8,-97.43827465761666,35.19323841407966,4.436886859048808,0
1416347492.0,-97.43828405938828,35.19323654722002,4.425774621464586,0
1416347492.2,-97.43829351981276,35.193234771996515,4.408684611082993,0
1416347492.5,-97.4383076422211,35.193232259119476,4.4040018165300525,0
1416347492.7,-97.43831705567878,35.19323077541178,4.358792493340329,0
1416347492.9,-97.43832647153164,35.193229264713565,4.367813755186913,0
1416347493.1,-97.43833587137166,35.193227846608806,4.347877643172586,0
1416347493.4,-97.43834993486769,35.193225874901565,4.311708941939378,0
1416347493.6,-97.43835933192688,35.19322465104373,4.297069233791794,0
1416347493.8,-97.4383687042506,35.19322343527807,4.2947415521775,0
1416347494.0,-97.43837806844921,35.193222320041,4.280577531128247,0
1416347494.2,-97.43838740674275,35.193221223188765,4.277167286885095,0
1416347494.5,-97.43840143717199,35.193219669844936,4.287885259658891,0
1416347494.7,-97.43841075298151,35.19321868006835,4.276487577440159,0
1416347494.9,-97.438420065304,35.19321771409999,4.267115770634774,0
1416347495.1,-97.43842941813912,35.193216789372265,4.294830031561203,0
1416347495.3,-97.4384387222762,35.19321589942619,4.263818124638996,0
1416347495.6,-97.43845276328656,35.19321451707627,4.305121717210792,0
1416347495.8,-97.43846208710201,35.19321362029548,4.308967393703508,0
1416347496.0,-97.43847149636858,35.19321264253974,4.330412566950175,0
1416347496.2,-97.43848083948522,35.19321179129531,4.287892256109055,0
1416347496.4,-97.43849021369601,35.19321084592762,4.280341341528734,0
1416347496.7,-97.43850417560424,35.19320946895311,4.241863387710641,0
1416347496.9,-97.43851348508404,35.19320850240165,4.258769070987531,0
1416347497.1,-97.43852270789493,35.1932074883638,4.213010799891213,0
1416347497.4,-97.43853650554057,35.19320587265964,4.225626225780033,0
1416347497.6,-97.43854557659654,35.193204747179394,4.1698661849033,0
1416347497.8,-97.43855466604903,35.193203590698474,4.174289400604611,0
1416347498.0,-97.43856366262744,35.193202411253544,4.159640489273081,0
1416347498.3,-97.43857735671627,35.193200603035386,4.2110901201470385,0
1416347498.5,-97.43858646104763,35.19319940541386,4.200245945179876,0
1416347498.7,-97.43859565756459,35.193198071098706,4.2624980938412165,0
1416347498.9,-97.43860499153804,35.19319680517285,4.342651033642929,0
1416347499.1,-97.43861429019384,35.19319540460295,4.312352606176819,0
1416347499.4,-97.43862812338786,35.193193091696834,4.272001053370657,0
1416347499.6,-97.43863749160111,35.19319160172581,4.3159482156300255,0
1416347499.8,-97.43864668758323,35.19318995349695,4.228697435381255,0
1416347500.0,-97.43865593945951,35.19318832322564,4.316854989457023,0
1416347500.3,-97.43866955402616,35.19318569725073,4.247820146851795,0
1416347500.5,-97.4386783747662,35.19318351278129,4.191080290330883,0
1416347500.7,-97.43868729962227,35.19318156865768,4.1892095913191065,0
1416347500.9,-97.43869611745134,35.19317940058076,4.146528427492087,0
1416347501.1,-97.43870462654812,35.19317710679275,4.096632763624291,0
1416347501.4,-97.43871707204075,35.193173338421055,4.04613210362687,0
1416347501.6,-97.43872519748018,35.193170568117125,3.999334444629506,0
1416347501.8,-97.4387330463415,35.19316743674515,3.993489952410047,0
1416347502.0,-97.43874067863764,35.19316416491621,3.824672796462463,0
1416347502.2,-97.43874795405836,35.19316071215259,3.8643395295962284,0
1416347502.5,-97.4387579859048,35.19315512366562,3.6430001372495173,0
1416347502.7,-97.43876431985016,35.19315104197833,3.6188851874575962,0
1416347502.9,-97.438770048595,35.193146779785096,3.539786716738736,0
1416347503.1,-97.43877532510885,35.193142261109635,3.519660494990959,0
1416347503.3,-97.43878032362812,35.19313760981054,3.491947450921906,0
1416347503.6,-97.43878711156655,35.19313025512015,3.4094762061055652,0
1416347503.8,-97.43879092891078,35.19312500170317,3.418247065383074,0
1416347504.0,-97.43879439054868,35.19311941964797,3.4820189545721894,0
1416347504.2,-97.4387973704634,35.19311360035386,3.5239893586672477,0
1416347504.5,-97.43880079963044,35.193104160678715,3.6836775103149297,0
1416347504.7,-97.43880247280174,35.193097459205426,3.794872461625028,0
1416347504.9,-97.43880350325439,35.19309039491135,3.930496406307987,0
1416347505.1,-97.4388037517967,35.19308302752988,4.11000437955971,0
1416347505.3,-97.4388032266819,35.19307533679061,4.2964893808783,0
1416347505.6,-97.43880106227948,35.19306334208497,4.5496985614433845,0
1416347505.8,-97.43879830034466,35.19305519055114,4.756416298012612,0
1416347506.0,-97.43879457743097,35.19304708330251,4.8481894558690675,0
1416347506.2,-97.43878983818298,35.193039087438805,4.997696469374666,0
1416347506.4,-97.43878416974101,35.193031242953616,5.111636235101242,0
1416347506.7,-97.43877390384796,35.19302023675878,5.195746433381829,0
1416347506.9,-97.43876610974962,35.19301349263427,5.151453484212005,0
1416347507.1,-97.43875756201317,35.193007440325566,5.1459157591239295,0
1416347507.3,-97.4387484646389,35.19300197068461,5.155009311339796,0
1416347507.5,-97.43873882227679,35.19299698697435,5.221962179104709,0
1416347507.8,-97.4387234315472,35.192991040824204,5.1574555742148664,0
1416347508.0,-97.43871290919802,35.192987803329636,5.1220469540995035,0
1416347508.2,-97.43870224519343,35.19298523509362,5.053919370152239,0
1416347508.4,-97.43869151459803,35.19298327758014,4.982317733746012,0
1416347508.6,-97.43868081872156,35.19298195984451,4.937372276829041,0
1416347508.9,-97.43866482055134,35.192980935292184,4.835068975723098,0
1416347509.1,-97.43865415636189,35.19298070732533,4.865420947872856,0
1416347509.3,-97.43864367510044,35.19298102648451,4.755041219590004,0
1416347509.5,-97.43863328740504,35.19298162262033,4.744631703304273,0
1416347509.7,-97.43862302170804,35.1929823412555,4.662151541938551,0
1416347510.0,-97.4386078047262,35.192983774315955,4.614473859499044,0
1416347510.2,-97.43859783187584,35.19298480946191,4.586885653687042,0
1416347510.4,-97.4385879445936,35.192985939009375,4.54165630579858,0
1416347510.6,-97.43857809293378,35.192987050888036,4.544129069469748,0
1416347510.9,-97.43856339295708,35.192988726672425,4.5071348992458615,0
1416347511.1,-97.43855372650873,35.19298993150485,4.465301109667745,0
1416347511.3,-97.4385440897809,35.19299110284756,4.4668406060659915,0
1416347511.5,-97.43853451600107,35.19299219194076,4.414488079041555,0
1416347511.7,-97.43852499079236,35.192993407760355,4.410518563615848,0
1416347512.0,-97.4385107281348,35.19299521293138,4.385487430149584,0
1416347512.2,-97.43850126281883,35.19299648674771,4.375483744684695,0
1416347512.4,-97.4384918424696,35.192997733865795,4.349328338950739,0
1416347512.6,-97.43848245140897,35.192998929383094,4.3330087698965025,0
1416347512.9,-97.43846838896154,35.193000764159464,4.330768984833987,0
1416347513.1,-97.43845909942137,35.193002062359255,4.289082535927702,0
1416347513.3,-97.43844981991727,35.19300334293906,4.285910055052486,0
1416347513.5,-97.43844057961184,35.193004541093785,4.270567643768215,0
1416347513.7,-97.43843140327745,35.19300580611087,4.249229224224083,0
1416347514.0,-97.43841766069396,35.19300772596736,4.216344981141842,0
1416347514.2,-97.43840856948962,35.193008956557996,4.1925314548611325,0
1416347514.4,-97.43839949054622,35.19301025983273,4.186316399891437,0
1416347514.6,-97.43839051833803,35.19301155914057,4.165607878809526,0
1416347514.8,-97.43838153064874,35.19301283469385,4.148951192771494,0
1416347515.1,-97.43836814905495,35.193014783874325,4.129892613616001,0
1416347515.3,-97.4383592791042,35.193016103261584,4.089922370901433,0
1416347515.5,-97.43835051782776,35.19301737239471,4.057053610688427,0
1416347515.7,-97.43834175020554,35.19301859943222,4.067437768423753,0
1416347515.9,-97.43833308711538,35.19301984090647,4.008108281970436,0
1416347516.2,-97.4383201196139,35.1930216201642,3.993152388777568,0
1416347516.4,-97.43831154570191,35.193022761337026,3.96090608320874,0
1416347516.6,-97.43830297630447,35.19302392641179,3.972558998932552,0
1416347516.8,-97.43829448912794,35.193025148241226,3.9273759687608214,0
1416347517.1,-97.43828174048186,35.19302678068574,3.9394966683575197,0
1416347517.3,-97.43827329689414,35.19302798262686,3.9083101207555164,0
1416347517.5,-97.4382648630315,35.19302919866109,3.9003293450681826,0
1416347517.7,-97.43825640931931,35.19303040978529,3.9015176534266764,0
1416347517.9,-97.43824802717023,35.19303167319985,3.8991841454335034,0
1416347518.2,-97.4382355289466,35.19303365366139,3.8735148121570413,0
1416347518.4,-97.43822723687106,35.193035013764415,3.8743289741579767,0
1416347518.6,-97.43821897595821,35.193036430725584,3.856383020396185,0
1416347518.8,-97.4382107875551,35.19303798630131,3.821148780144526,0
1416347519.1,-97.43819841808828,35.19304025758502,3.8229314668196706,0
1416347519.3,-97.43819022410618,35.193041886350024,3.812460885045249,0
1416347519.5,-97.43818206444276,35.19304352738606,3.803357069747725,0
1416347519.7,-97.43817396273859,35.19304514778753,3.787452045901044,0
1416347519.9,-97.43816585148946,35.193046801254646,3.79714471675758,0
1416347520.1,-97.4381578602775,35.19304838558135,3.709439310731475,0
1416347520.4,-97.43814594304904,35.19305094228136,3.72110440595262,0
1416347520.6,-97.43813811486545,35.19305270257032,3.7014078402683483,0
1416347520.8,-97.43813016216268,35.19305449386655,3.768022558318886,0
1416347521.0,-97.43812233325667,35.19305623693512,3.682970811722515,0
1416347521.2,-97.43811453789263,35.19305815743173,3.704826176759174,0
1416347521.5,-97.43810293216592,35.19306107381721,3.6680933739478334,0
1416347521.7,-97.43809515678262,35.193063025964264,3.7002914750057188,0
1416347521.9,-97.43808731285226,35.19306518810097,3.745557368403266,0
1416347522.1,-97.4380793979854,35.19306731284525,3.7601272584847445,0
1416347522.4,-97.43806746974255,35.19307070457251,3.837921572935018,0
1416347522.6,-97.43805940847521,35.1930730325356,3.8728538572995492,0
1416347522.8,-97.43805118519946,35.19307546532039,3.987661971631999,0
1416347523.0,-97.4380428741345,35.19307803614425,4.036313788594737,0
1416347523.2,-97.4380344247443,35.1930806331273,4.112596868160068,0
1416347523.5,-97.43802158634597,35.193084746895636,4.228409157118076,0
1416347523.7,-97.43801283537354,35.19308767170447,4.310541729295751,0
1416347523.9,-97.43800397007611,35.19309071753962,4.395089191358919,0
1416347524.1,-97.43799497405293,35.19309382684996,4.472553744786081,0
1416347524.3,-97.43798595680013,35.19309712537169,4.5209314305793225,0
1416347524.6,-97.43797247082125,35.19310222535183,4.54614122085973,0
1416347524.8,-97.43796351541828,35.1931057488544,4.551191602207052,0
1416347525.0,-97.43795461227786,35.1931092902647,4.533432805281225,0
1416347525.2,-97.43794578624329,35.19311296180787,4.527189967297595,0
1416347525.4,-97.43793696521857,35.19311667524024,4.527848053987677,0
1416347525.7,-97.43792393468239,35.19312248390374,4.5112809710768405,0
1416347525.9,-97.43791534968642,35.1931264299061,4.510269393284618,0
1416347526.1,-97.43790684166058,35.19313046693732,4.472327470121122,0
1416347526.3,-97.43789838487662,35.193134535111874,4.460208291100316,0
1416347526.5,-97.43788998164915,35.1931386364275,4.459322370046822,0
1416347526.7,-97.43788166418568,35.19314281595144,4.4337348815643,0
1416347527.0,-97.4378692837437,35.19314918311465,4.434416872600049,0
1416347527.2,-97.43786113267865,35.19315348520053,4.368250221770726,0
1416347527.4,-97.43785311308105,35.193157877138546,4.360553290581369,0
1416347527.6,-97.43784506183327,35.193162194042884,4.333507124720115,0
1416347527.8,-97.43783711476536,35.19316664940734,4.327893251918304,0
1416347528.1,-97.43782527401498,35.19317337171406,4.3229272489830315,0
1416347528.3,-97.43781747139391,35.193177799471755,4.27288778228495,0
1416347528.5,-97.4378097722519,35.19318233620094,4.278032491695218,0
1416347528.7,-97.43780216840992,35.19318686976702,4.244763008696716,0
1416347528.9,-97.43779463874036,35.19319137348608,4.229210446407225,0
1416347529.1,-97.43778722646225,35.193195983823884,4.20878818663995,0
1416347529.4,-97.43777634149605,35.19320289129908,4.155154870759933,0
1416347529.6,-97.43776919831929,35.193207572288316,4.153603856893433,0
1416347529.8,-97.4377621301058,35.193212226192145,4.090349862786801,0
1416347530.0,-97.43775515555363,35.19321694504943,4.087372016344976,0
1416347530.2,-97.43774819688626,35.193221582431825,4.039823015925326,0
1416347530.5,-97.43773796146542,35.193228673796455,4.065718140747093,0
1416347530.7,-97.43773122241772,35.1932333332182,4.029599111574251,0
1416347530.9,-97.43772446841443,35.19323808997044,4.1018252034917335,0
1416347531.1,-97.4377178086891,35.19324293582439,4.053285580859064,0
1416347531.3,-97.43771114573573,35.19324782119346,4.091401960208749,0
1416347531.6,-97.43770116281074,35.19325525501706,4.089059182746075,0
1416347531.8,-97.43769456720958,35.19326028222705,4.144319003165658,0
1416347532.0,-97.43768781962319,35.19326533416331,4.169557530482101,0
1416347532.2,-97.43768102549122,35.193270499784504,4.218627264881315,0
1416347532.4,-97.43767416814619,35.19327583543324,4.304345014052661,0
1416347532.6,-97.43766734481456,35.193281185572296,4.27448710373537,0
1416347532.9,-97.4376570116019,35.1932893655109,4.354219218183669,0
1416347533.1,-97.43765020386908,35.193294910728625,4.348729699578947,0
1416347533.3,-97.43764342494924,35.19330057683032,4.377224919969272,0
1416347533.5,-97.43763659873642,35.193306223862535,4.394061902158412,0
1416347533.7,-97.43762984102766,35.19331193665577,4.396709792560796,0
1416347534.0,-97.43761984486416,35.19332065906638,4.379959018073115,0
1416347534.2,-97.4376131816586,35.19332650064119,4.411155177501694,0
1416347534.4,-97.43760663906016,35.19333237428675,4.413410925803307,0
1416347534.6,-97.43760013960707,35.193338266084254,4.416951437360388,0
1416347534.8,-97.43759367348159,35.19334416056729,4.401096340686034,0
1416347535.1,-97.43758405887428,35.193353035244265,4.394623647139764,0
1416347535.3,-97.43757768251754,35.193359009259765,4.422723595252139,0
1416347535.5,-97.43757125648382,35.193364978176064,4.412093494022991,0
1416347535.7,-97.43756498205444,35.193371020060134,4.413914815671005,0
1416347535.9,-97.43755875954594,35.19337707158798,4.38514138882659,0
1416347536.2,-97.43754941293786,35.19338621742192,4.414599642096665,0
1416347536.4,-97.43754324278211,35.193392329245846,4.413816715723479,0
1416347536.6,-97.43753712044813,35.19339839309773,4.383485029060781,0
1416347536.8,-97.43753105277577,35.19340447328831,4.3967799581057045,0
1416347537.1,-97.43752205062522,35.19341360179731,4.363217620059765,0
1416347537.3,-97.4375160767256,35.193419752541786,4.377753076636461,0
1416347537.5,-97.43751029985012,35.19342594044728,4.369996109838086,0
1416347537.7,-97.43750452254775,35.19343215803657,4.38681866504646,0
1416347537.9,-97.43749884721828,35.193438291822865,4.29144754133148,0
1416347538.2,-97.43749042328575,35.19344755817241,4.291800671047061,0
1416347538.4,-97.4374849074306,35.19345370052902,4.277556545505857,0
1416347538.6,-97.4374794541082,35.19345990813386,4.279078639146516,0
1416347538.8,-97.4374740202002,35.193466075166505,4.266638606678565,0
1416347539.0,-97.43746866971867,35.19347227281773,4.249274055647623,0
1416347539.3,-97.43746078887294,35.19348152718717,4.22928480951567,0
1416347539.5,-97.4374556041843,35.193487745442795,4.214768439665457,0
1416347539.7,-97.43745047420451,35.193494006861094,4.216644756201309,0
1416347539.9,-97.43744535865879,35.19350027708047,4.22488650735141,0
1416347540.1,-97.43744027698696,35.19350658395228,4.207646848298939,0
1416347540.3,-97.43743529860267,35.19351292971929,4.222306715528847,0
1416347540.6,-97.43742785202748,35.19352245298204,4.225447313598881,0
1416347540.8,-97.43742295791829,35.19352889446715,4.242766314564119,0
1416347541.0,-97.4374180946867,35.193535402600304,4.275561483594873,0
1416347541.2,-97.43741324686003,35.19354196997846,4.307363927044011,0
1416347541.5,-97.43740603106298,35.19355190694626,4.302051254924794,0
1416347541.7,-97.43740126871886,35.193558644567254,4.33787194370696,0
1416347541.9,-97.437396538544,35.19356542101765,4.373836988274712,0
1416347542.1,-97.43739179006238,35.19357227468389,4.3980947011177465,0
1416347542.4,-97.43738480485538,35.19358277173889,4.440571134437551,0
1416347542.6,-97.4373801711983,35.19358990524973,4.472473253134109,0
1416347542.8,-97.43737562640483,35.193597072632805,4.468735167807553,0
1416347543.0,-97.43737110296861,35.193604259287326,4.482239730313407,0
1416347543.2,-97.43736665750836,35.19361145220862,4.458335339563411,0
1416347543.5,-97.43736002168289,35.193622198920295,4.436869391812205,0
1416347543.7,-97.4373557739857,35.19362942991202,4.442775708945929,0
1416347543.9,-97.43735158875141,35.1936366960366,4.430694415100188,0
1416347544.1,-97.43734751042253,35.19364401352846,4.447421724999778,0
1416347544.3,-97.43734373918802,35.19365139883512,4.414442207119717,0
1416347544.6,-97.43733863330081,35.193662677951416,4.426391080779013,0
1416347544.8,-97.43733554187276,35.19367025725668,4.430639908636223,0
1416347545.0,-97.4373329700477,35.1936779498269,4.434466033244589,0
1416347545.2,-97.43733067554889,35.19368572049406,4.438876659696685,0
1416347545.4,-97.43732892838445,35.193693554363634,4.38669545329967,0
1416347545.7,-97.43732726972185,35.19370529517526,4.352378889756728,0
1416347545.9,-97.43732680435082,35.19371311886916,4.327670158410874,0
1416347546.1,-97.43732692032171,35.19372096366798,4.3405503107325,0
1416347546.3,-97.43732759858574,35.19372867048547,4.289050827397595,0
1416347546.6,-97.43732966088413,35.19374004510175,4.2315701577546845,0
1416347546.8,-97.43733189428076,35.193747374555706,4.166251552654976,0
1416347547.0,-97.43733476967208,35.19375444993291,4.12117034348254,0
1416347547.2,-97.43733806862885,35.193761378587546,4.074948465931809,0
1416347547.4,-97.43734206986862,35.19376796582136,4.062020802507048,0
1416347547.6,-97.43734658207735,35.19377421517385,3.9735330626534364,0
1416347547.9,-97.43735416433502,35.193782807585436,3.8826447171998626,0
1416347548.1,-97.43735977079818,35.19378794027958,3.776876222488632,0
1416347548.3,-97.43736572714799,35.193792668948404,3.7265278745770845,0
1416347548.5,-97.4373719465951,35.193796940429756,3.6603476610835752,0
1416347548.8,-97.43738179535626,35.193802587571646,3.613411961014133,0
1416347549.0,-97.43738863274811,35.193805838474866,3.5846453102085287,0
1416347549.2,-97.43739565674181,35.193808749065596,3.586005019516844,0
1416347549.4,-97.43740288479475,35.1938112258794,3.5855773593662708,0
1416347549.6,-97.43741042420079,35.19381328441438,3.6432503345227323,0
1416347549.9,-97.43742234288533,35.19381567138453,3.784506969210124,0
1416347550.1,-97.43743062385835,35.19381676901676,3.8684531792436108,0
1416347550.3,-97.43743925177678,35.19381739247514,3.9833660389173375,0
1416347550.5,-97.43744823469216,35.193817427983035,4.145696684515161,0
1416347550.8,-97.4374621242682,35.193816323168186,4.32372767412565,0
1416347551.0,-97.43747166634516,35.19381472866705,4.458031179792263,0
1416347551.2,-97.43748129484999,35.193812436411676,4.614163629521606,0
1416347551.4,-97.43749092246703,35.19380944327646,4.704609866928394,0
1416347551.6,-97.43750034830369,35.19380572154673,4.784048703765462,0
1416347551.9,-97.43751382624122,35.193798983382486,4.814687944197423,0
1416347552.1,-97.4375222725244,35.193793840196896,4.795597355908855,0
1416347552.3,-97.4375300242196,35.19378809333762,4.786210400724147,0
1416347552.5,-97.43753732151525,35.193781910274346,4.7876240453903645,0
1416347552.7,-97.4375441646938,35.19377551505199,4.682885435284532,0
1416347553.0,-97.43755354854468,35.19376558735549,4.581079457944383,0
1416347553.2,-97.43755924309481,35.193758855209374,4.496252884347142,0
1416347553.4,-97.43756483078387,35.19375213584246,4.449101594704262,0
1416347553.6,-97.43757006883106,35.1937453881588,4.391361064635884,0
1416347553.9,-97.4375776079406,35.19373535108422,4.322248604603859,0
1416347554.1,-97.43758252096973,35.19372871575173,4.2742818110180805,0
1416347554.3,-97.43758733659661,35.19372213315736,4.203087674555457,0
1416347554.5,-97.43759212796839,35.19371570588542,4.185314564044142,0
1416347554.7,-97.43759683734699,35.19370934735956,4.103103825154806,0
1416347555.0,-97.43760374738588,35.1937000482822,4.037762746868617,0
1416347555.2,-97.43760825958604,35.19369391259522,3.991216606499828,0
1416347555.4,-97.43761278536175,35.193687841774505,3.9593884628816105,0
1416347555.6,-97.4376173207005,35.19368182381878,3.9101795355200766,0
1416347555.8,-97.43762174172201,35.1936758884962,3.8530591742146916,0
1416347556.1,-97.4376283495691,35.19366710573744,3.8015419240092565,0
1416347556.3,-97.43763261195859,35.193661398064634,3.7012997717018274,0
1416347556.5,-97.43763686329304,35.19365581643832,3.657219982445683,0
1416347556.7,-97.43764102430673,35.193650321748564,3.59157291447633,0
1416347557.0,-97.4376472675595,35.193642240420935,3.5389094365354987,0
1416347557.2,-97.43765138966661,35.19363692683209,3.4933765900629723,0
1416347557.4,-97.43765539024612,35.193631690980794,3.4376243250244785,0
1416347557.6,-97.43765939287182,35.19362652744887,3.3815573335373155,0
1416347557.8,-97.43766337555293,35.19362147304704,3.337403331933376,0
1416347558.1,-97.43766932134851,35.1936140026693,3.3081500872844325,0
1416347558.3,-97.43767324989186,35.19360905709241,3.2879917883109138,0
1416347558.5,-97.43767722361264,35.193604138743936,3.258195973234268,0
1416347558.7,-97.43768114100264,35.19359925396684,3.248642793537018,0
1416347558.9,-97.43768507255163,35.19359441891706,3.2375504629271803,0
1416347559.2,-97.43769103757234,35.19358713087267,3.269968960097328,0
1416347559.4,-97.43769498124679,35.19358221495631,3.2720068765208916,0
1416347559.6,-97.43769899999587,35.193577281973816,3.313249915113558,0
1416347559.8,-97.43770316026087,35.19357238565656,3.3410136186492863,0
1416347560.1,-97.43770947942768,35.1935649182452,3.4159650173852776,0
1416347560.3,-97.43771382550435,35.193559773581455,3.4633990529536156,0
1416347560.5,-97.43771821816577,35.193554531888225,3.5075805051345577,0
1416347560.7,-97.43772265569888,35.19354929314548,3.5155705084665847,0
1416347560.9,-97.43772724475821,35.19354398191606,3.6085113274035874,0
1416347561.2,-97.43773427763877,35.19353589836226,3.692205980169579,0
1416347561.4,-97.43773915530029,35.19353043073396,3.7734468328041935,0
1416347561.6,-97.4377441506638,35.19352495306833,3.7874013518506326,0
1416347561.8,-97.43774923146304,35.193519355754674,3.8959109332735005,0
1416347562.0,-97.43775447601651,35.19351376131254,3.910203319521889,0
1416347562.2,-97.43775990931152,35.19350806495515,4.017320624495884,0
1416347562.5,-97.43776824579324,35.193499404466884,4.130485806778665,0
1416347562.7,-97.43777400565968,35.19349348017471,4.196692268918463,0
1416347562.9,-97.43777983812696,35.19348752718333,4.2525437093579646,0
1416347563.1,-97.4377859470287,35.1934815207105,4.313255151274962,0
1416347563.4,-97.43779516295392,35.19347245655788,4.4094376058631335,0
1416347563.6,-97.43780137154013,35.193466482558904,4.359910549541126,0
1416347563.8,-97.4378076872708,35.193460498220574,4.407888043042835,0
1416347564.0,-97.43781406502166,35.19345461121095,4.370667912344748,0
1416347564.2,-97.43782062746828,35.19344877335126,4.400276468586945,0
1416347564.5,-97.43783041440282,35.193440153631094,4.365258869757898,0
1416347564.7,-97.43783713915138,35.19343467260266,4.287737048840565,0
1416347564.9,-97.43784372973748,35.193429273223074,4.237225507333779,0
1416347565.1,-97.43785040927247,35.19342389003329,4.24854445663453,0
1416347565.3,-97.43785716815344,35.193418752951715,4.177644551658267,0
1416347565.6,-97.43786734498278,35.19341112831997,4.176573236518187,0
1416347565.8,-97.43787419659434,35.19340620481148,4.1198184426015665,0
1416347566.0,-97.43788118567456,35.193401333741406,4.145015440260748,0
1416347566.2,-97.4378882044067,35.193396602341736,4.107744149773692,0
1416347566.4,-97.43789519962867,35.193391910285285,4.111561260640537,0
1416347566.7,-97.43790603051411,35.19338519047507,4.124353646330537,0
1416347566.9,-97.43791325447545,35.19338077016221,4.115486969970869,0
1416347567.1,-97.4379206006685,35.19337642778623,4.129555181856757,0
1416347567.3,-97.43792797320371,35.193372093556164,4.1421339910727175,0
1416347567.5,-97.43793543158505,35.19336781813309,4.156128607249781,0
1416347567.8,-97.4379468456135,35.193361480970964,4.193447269252351,0
1416347568.0,-97.43795457213301,35.1933572981346,4.237367225058503,0
1416347568.2,-97.4379623386067,35.193353175895396,4.247905836997802,0
1416347568.4,-97.437970214747,35.193349097610906,4.291103471136533,0
1416347568.7,-97.43798217266048,35.1933431869134,4.315574701010284,0
1416347568.9,-97.43799021798203,35.19333923602484,4.3234371742862185,0
1416347569.1,-97.43799842714297,35.19333528393733,4.381473039971831,0
1416347569.3,-97.43800673048469,35.19333138841932,4.423987793834879,0
1416347569.5,-97.43801513864152,35.19332748888034,4.429530110519625,0
1416347569.8,-97.43802795948966,35.19332168531464,4.492974293271662,0
1416347570.0,-97.43803655282846,35.19331783616646,4.508126218286263,0
1416347570.2,-97.43804533279271,35.19331407852848,4.541826614920478,0
1416347570.4,-97.43805420638878,35.193310306258674,4.579177655431158,0
1416347570.6,-97.43806315579579,35.19330655974545,4.570951760848062,0
1416347570.9,-97.43807656804267,35.19330105372374,4.55267888171349,0
1416347571.1,-97.43808542478719,35.19329747160028,4.487793444444608,0
1416347571.3,-97.4380941606606,35.19329397446553,4.428176261171183,0
1416347571.5,-97.43810281715336,35.193290627211844,4.355356472207528,0
1416347571.7,-97.43811138534082,35.1932873516835,4.30008244107017,0
1416347572.0,-97.438124129091,35.19328260897825,4.223028889316293,0
1416347572.2,-97.43813249804039,35.19327950351621,4.15453210361889,0
1416347572.4,-97.43814077360358,35.19327646926679,4.075419610297816,0
1416347572.6,-97.43814890983442,35.19327348964979,4.027733109330855,0
1416347572.8,-97.43815697698848,35.19327068387594,3.9534739154318443,0
1416347573.1,-97.43816888444177,35.19326666042796,3.8980616978185454,0
1416347573.3,-97.43817679217705,35.19326418569458,3.828551945579425,0
1416347573.5,-97.43818453314606,35.1932617116971,3.783579389942809,0
1416347573.7,-97.43819225662034,35.193259421723255,3.7357965683372,0
1416347573.9,-97.43819988626555,35.193257355161634,3.6604869894591894,0
1416347574.2,-97.43821111484718,35.193254273296674,3.601573128509263,0
1416347574.4,-97.43821853078005,35.19325229426054,3.5691525604826704,0
1416347574.6,-97.43822590839787,35.19325038270772,3.5401717472461702,0
1416347574.8,-97.4382333126559,35.19324855627921,3.5237550993223126,0
1416347575.0,-97.43824064227107,35.19324683569031,3.49174641118166,0
1416347575.2,-97.43824794447838,35.19324509782717,3.482885154580897,0
1416347575.5,-97.43825901935521,35.19324274633956,3.4875293547151687,0
1416347575.7,-97.43826642406708,35.19324115893302,3.4826165450706745,0
1416347575.9,-97.43827388139756,35.19323965500202,3.509686168306221,0
1416347576.1,-97.43828140089434,35.19323823205951,3.5353869660901336,0
1416347576.4,-97.4382928899022,35.193236064905186,3.5815534339166293,0
1416347576.6,-97.43830066177341,35.19323469175232,3.6569775771803688,0
1416347576.8,-97.43830861959579,35.19323341861293,3.7382719269737454,0
1416347577.0,-97.43831668738433,35.1932321983571,3.7481868950200443,0
1416347577.2,-97.43832490807564,35.1932309629783,3.845421433341214,0
1416347577.5,-97.43833764550475,35.19322911297184,3.953010624827614,0
1416347577.7,-97.43834629594156,35.19322796167108,3.999453587679197,0
1416347577.9,-97.43835519088677,35.19322682855637,4.1053775709427756,0
1416347578.1,-97.43836420894752,35.19322573161245,4.1647382870956005,0
1416347578.3,-97.43837345820032,35.19322460483149,4.2492206344222705,0
1416347578.5,-97.4383829634345,35.19322360676715,4.324223167229,0
1416347578.8,-97.43839745587329,35.19322201016879,4.473345504205997,0
1416347579.0,-97.43840727714883,35.19322102274964,4.511043005780371,0
1416347579.2,-97.43841725700658,35.19321998196243,4.578654496683496,0
1416347579.4,-97.43842737208016,35.19321897934128,4.613225010770665,0
1416347579.6,-97.4384375230828,35.19321798070467,4.641777353557579,0
1416347579.9,-97.43845270010866,35.193216460979755,4.616453292301353,0
1416347580.1,-97.43846272469936,35.19321538258184,4.581013206704386,0
1416347580.3,-97.43847266803914,35.19321430736366,4.532826160355149,0
1416347580.5,-97.43848246018044,35.1932133326743,4.487081902528636,0
1416347580.8,-97.43849693127522,35.19321178503842,4.398430288182365,0
1416347581.0,-97.43850644991117,35.19321078958923,4.360610622378476,0
1416347581.2,-97.4385158447038,35.19320977355969,4.330322158916124,0
1416347581.4,-97.43852507836803,35.19320869794872,4.224093985696815,0
1416347581.6,-97.43853422678067,35.193207631905395,4.194857089341662,0
1416347581.9,-97.43854766547726,35.19320585135885,4.118784893630645,0
1416347582.1,-97.43855647810747,35.19320465894968,4.029097789828388,0
1416347582.3,-97.43856508244457,35.19320337576699,3.971177155454035,0
1416347582.5,-97.43857364451044,35.1932020220373,3.951482000465142,0
1416347582.7,-97.43858212322871,35.19320082177468,3.9306214521370535,0
1416347583.0,-97.43859473217324,35.19319891425017,3.8308059204297993,0
1416347583.2,-97.4386030052704,35.19319759526934,3.8664424216584425,0
1416347583.4,-97.43861151217686,35.19319635180029,3.8493867043985075,0
1416347583.6,-97.43861979694867,35.19319496628812,3.8272346413566023,0
1416347583.8,-97.43862787346288,35.19319342371096,3.757218785218662,0
1416347584.1,-97.4386401958453,35.193191185290424,3.860156084927137,0
1416347584.3,-97.43864844865976,35.1931895998252,3.902667421136472,0
1416347584.5,-97.43865667187417,35.193188117346814,3.8227237671586995,0
1416347584.7,-97.43866502080543,35.19318660750587,3.910660813724453,0
1416347584.9,-97.43867337154992,35.19318470847039,3.9423121388342652,0
1416347585.2,-97.4386858669287,35.193181525328235,3.9936636062643034,0
1416347585.4,-97.43869423808135,35.19317921424033,4.059446760335699,0
1416347585.6,-97.43870231223568,35.19317644051838,3.9901741816617475,0
1416347585.8,-97.4387103971668,35.19317358428416,4.046966765368849,0
1416347586.0,-97.43871809477548,35.19317019560207,3.97382561268106,0
1416347586.2,-97.43872550439983,35.19316668508098,3.9044192910085873,0
1416347586.5,-97.43873599720193,35.193160784932054,3.8482736389191454,0
1416347586.7,-97.43874251421138,35.19315658673219,3.758340059121846,0
1416347586.9,-97.4387485523396,35.193152120336215,3.648781988554537,0
1416347587.1,-97.43875428330676,35.19314741647814,3.642372990235898,0
1416347587.3,-97.43875948005225,35.19314266208263,3.512110761351356,0
1416347587.6,-97.43876662064831,35.19313497786251,3.576358622957155,0
1416347587.8,-97.4387707858422,35.193129671214066,3.47500705035256,0
1416347588.0,-97.43877474902561,35.193124213089746,3.540877010007549,0
1416347588.2,-97.43877830774552,35.19311863671994,3.495937356418161,0
1416347588.5,-97.43878264466692,35.19310968074758,3.594117972465567,0
1416347588.7,-97.43878503414126,35.19310343614886,3.6589480728755905,0
1416347588.9,-97.43878696858569,35.19309692947319,3.7038857973755075,0
1416347589.1,-97.43878838922042,35.1930900915469,3.855037872706311,0
1416347589.3,-97.43878912420506,35.19308305076561,3.9465737038600963,0
1416347589.5,-97.43878928429493,35.193075758303344,4.097005979980991,0
1416347589.8,-97.4387882358865,35.193064336563914,4.325765828151127,0
1416347590.0,-97.43878646575504,35.193056499051586,4.46574361109099,0
1416347590.2,-97.43878382460291,35.19304854224795,4.583240011171137,0
1416347590.4,-97.43878029871895,35.19304058469701,4.706910026758532,0
1416347590.6,-97.43877574652512,35.19303282914558,4.791927065388203,0
1416347590.9,-97.43876743085119,35.19302165365652,4.886972477925367,0
1416347591.1,-97.43876099785638,35.19301460503498,4.876445426742721,0
1416347591.3,-97.43875369856397,35.19300819532841,4.848674561155863,0
1416347591.5,-97.43874587252908,35.19300230217759,4.826536750093176,0
1416347591.8,-97.43873301413129,35.19299456029468,4.849094967104686,0
1416347592.0,-97.4387238743833,35.19299024435585,4.82253263337844,0
1416347592.2,-97.4387144159322,35.19298659289971,4.769746324491481,0
1416347592.4,-97.43870469210356,35.192983657227714,4.691072052313841,0
1416347592.7,-97.43868996875449,35.192980419383034,4.609433804709641,0
1416347592.9,-97.43868015623052,35.19297890834287,4.557719824649164,0
1416347593.1,-97.43867034145556,35.19297788976216,4.529625370822625,0
1416347593.3,-97.43866059969274,35.19297722512482,4.473428439128092,0
1416347593.5,-97.43865086894246,35.192976981593965,4.447850941747037,0
1416347593.7,-97.43864131463262,35.19297715138742,4.3856420282553845,0
1416347594.0,-97.43862708740376,35.19297772192756,4.335537452265867,0
1416347594.2,-97.43861776147808,35.19297846782226,4.278597200017781,0
1416347594.4,-97.43860849135187,35.192979316511476,4.254043253188666,0
1416347594.6,-97.43859927744592,35.19298024483911,4.2192777818010505,0
1416347594.8,-97.43859019775678,35.19298134250724,4.17492239448831,0
1416347595.1,-97.43857659374073,35.19298300896482,4.19526935964784,0
1416347595.3,-97.43856758121944,35.1929841158296,4.168677608067095,0
1416347595.5,-97.43855859488232,35.192985382429306,4.160850994688466,0
1416347595.7,-97.43854976270556,35.19298664107156,4.096001098632665,0
1416347595.9,-97.43854084285067,35.19298789561454,4.120584424568923,0
1416347596.2,-97.43852768510966,35.19298986914314,4.080517246624502,0
1416347596.4,-97.43851899615717,35.19299121683042,4.064177653597342,0
1416347596.6,-97.43851033071827,35.192992522243365,4.035240389369634,0
1416347596.8,-97.43850162326159,35.192993863710214,4.026904642526317,0
1416347597.0,-97.43849298586422,35.19299526237763,3.995890514015618,0
1416347597.3,-97.43848006781629,35.19299731705283,3.980232279654041,0
1416347597.5,-97.43847150594995,35.1929986795481,3.978565067961061,0
1416347597.7,-97.43846297079793,35.1930000590008,3.974297547995117,0
1416347597.9,-97.43845454006018,35.19300148494516,3.9256954797844417,0
1416347598.1,-97.4384461017612,35.19300285403248,3.9209868655735125,0
1416347598.4,-97.4384334842397,35.19300484391251,3.8903558963159144,0
1416347598.6,-97.43842510419529,35.19300617258821,3.878792853453249,0
1416347598.8,-97.43841675697415,35.193007531797505,3.8652690721345646,0
1416347599.0,-97.43840842143808,35.19300883083047,3.861161742273949,0
1416347599.2,-97.43840008437532,35.193010167052,3.862927516793449,0
1416347599.5,-97.43838763438967,35.19301217919401,3.8656881664200493,0
1416347599.7,-97.43837933724822,35.193013476833954,3.8274900391771105,0
1416347599.9,-97.43837104764475,35.193014819122794,3.8273673719673162,0
1416347600.1,-97.43836279986367,35.19301618879662,3.8148994744291755,0
1416347600.3,-97.43835457802939,35.193017528596265,3.849515294163669,0
1416347600.6,-97.43834220353234,35.193019553862406,3.8423089412487386,0
1416347600.8,-97.43833388607234,35.1930209834612,3.8713631966014246,0
1416347601.0,-97.43832554718236,35.19302245759013,3.9045851252085666,0
1416347601.2,-97.43831713328309,35.19302387614487,3.926202363607867,0
1416347601.4,-97.43830867096038,35.19302531607085,3.924637690284289,0
1416347601.7,-97.43829579175187,35.19302753135203,3.999984999971875,0
1416347601.9,-97.43828706300368,35.19302900923531,4.068240528778995,0
1416347602.1,-97.43827821579355,35.19303053844067,4.123100047294511,0
1416347602.3,-97.43826924520381,35.193032177036635,4.176773036687534,0
1416347602.5,-97.43826020980177,35.193033905205674,4.249939411332825,0
1416347602.8,-97.43824639208533,35.19303663501012,4.351006894961212,0
1416347603.0,-97.43823707401654,35.19303855032116,4.406201198311307,0
1416347603.2,-97.43822752679743,35.19304049352736,4.498851075552513,0
1416347603.4,-97.43821790896448,35.19304252460689,4.562277063046478,0
1416347603.7,-97.43820309723402,35.19304571436751,4.6980503403007505,0
1416347603.9,-97.43819306018973,35.193047958711716,4.748164382158647,0
1416347604.1,-97.43818293463916,35.19305044555514,4.820480577701771,0
1416347604.3,-97.43817272914858,35.19305289996755,4.8616057018232155,0
1416347604.5,-97.43816256939128,35.19305554169864,4.8125479737868595,0
1416347604.8,-97.4381477037952,35.19305950130634,4.704915302106936,0
1416347605.0,-97.4381382088209,35.193062242150695,4.5617304830513605,0
1416347605.2,-97.43812873498253,35.19306484999752,4.510469709464858,0
1416347605.4,-97.43811973567315,35.193067520481335,4.344136853277069,0
1416347605.6,-97.43811101258736,35.19307028338796,4.202597411125648,0
1416347605.9,-97.43809847168976,35.19307420106433,4.008782483497951,0
1416347606.1,-97.43809053169899,35.193076817018905,3.8707311970737517,0
1416347606.3,-97.43808297798775,35.193079305872935,3.675903426370176,0
1416347606.5,-97.43807585366972,35.19308165399186,3.457908327298455,0
1416347606.7,-97.4380692539499,35.19308387293719,3.1820982071582895,0
1416347607.0,-97.43806049885174,35.19308685415589,2.739380404398046,0
1416347607.2,-97.43805546880388,35.19308853738138,2.4246742049190857,0
1416347607.4,-97.43805109157688,35.19309007805044,2.1260190497735434,0
1416347607.6,-97.43804737482812,35.193091397104666,1.784870023279006,0
1416347607.8,-97.43804438647025,35.19309246694714,1.4308577846872133,0
1416347608.1,-97.43804106781855,35.19309368668387,0.980336676861577,0
1416347608.3,-97.43803947191186,35.193094285695224,0.7321837201140162,0
